{"cameraMode":{"drawMode":0,"name":"Shaded","section":"Shading Mode"},"sceneLighting":false,"audioPlay":false,"sceneViewState":{"m_AlwaysRefresh":false,"showFog":true,"showSkybox":false,"showFlares":true,"showImageEffects":true,"showParticleSystems":true,"showVisualEffectGraphs":true,"m_FxEnabled":true},"in2DMode":false,"pivot":{"x":0.12455649673938751,"y":24.046890258789064,"z":-0.0014172792434692383},"rotation":{"x":-0.1049349457025528,"y":0.8818731307983398,"z":-0.39573609828948977,"w":-0.23384104669094087},"size":4.155045032501221,"orthographic":false}